表,作業名,摘　要,注
表RE-1-8【市】,プルボックス、位置ボックス,150mm×150mm×100mm,
表RE-1-8【市】,プルボックス、位置ボックス,200mm×200mm×100mm,
表RE-1-8【市】,プルボックス、位置ボックス,250mm×250mm×100mm,
表RE-1-8【市】,プルボックス、位置ボックス,300mm×300mm×200mm,
表RE-1-8【市】,プルボックス、位置ボックス,350mm×350mm×200mm,
表RE-1-8【市】,プルボックス、位置ボックス,400mm×400mm×200mm,
表RE-1-8【市】,プルボックス、位置ボックス,450mm×450mm×200mm,
表RE-1-8【市】,プルボックス、位置ボックス,500mm×500mm×300mm,
表RE-1-8【市】,プルボックス、位置ボックス,550mm×550mm×300mm,
表RE-1-8【市】,プルボックス、位置ボックス,600mm×600mm×300mm,
表RE-1-8【市】,プルボックス、位置ボックス,650mm×650mm×300mm,
表RE-1-8【市】,プルボックス、位置ボックス,700mm×700mm×300mm,
表RE-1-8【市】,プルボックス、位置ボックス,750mm×750mm×400mm,
表RE-1-8【市】,プルボックス、位置ボックス,800mm×800mm×400mm,
表RE-1-8【市】,プルボックス、位置ボックス,850mm×850mm×400mm,
表RE-1-8【市】,プルボックス、位置ボックス,900mm×900mm×400mm,
表RE-1-8【市】,プルボックス、位置ボックス,950mm×950mm×400mm,
表RE-1-8【市】,プルボックス、位置ボックス,1000mm×1000mm×500mm,
表RE-1-8【市】,プルボックス、位置ボックス,1100mm×1100mm×500mm,
表RE-1-8【市】,プルボックス、位置ボックス,1200mm×1200mm×500mm,
表RE-1-8【市】,プルボックス、位置ボックス,,
